cca2,name,pop2022,pop2020,pop2050,pop2030,pop2019,pop2015,pop2010,pop2000,pop1990,pop1980,pop1970,area,Density,GrowthRate,WorldPercentage,rank
CN,China,1448471.4000,1439323.776,1402405.170,1464340.159,0.000,1406847.870,1368810.615,1290550.765,1176883.674,1000089.235,827601.394,9706961,149.2199,1.0029,0.1821,1
IN,India,1406631.7760,1380004.385,1639176.033,1503642.322,0.000,1310152.403,1234281.170,1056575.549,873277.798,698952.844,555189.792,3287590,427.8611,1.0095,0.1768,2
US,United States of America,334805.2690,331002.651,379419.102,349641.876,0.000,320878.310,309011.475,281710.909,252120.309,229476.354,209513.341,9372610,35.7217,1.0057,0.0421,3
ID,Indonesia,279134.5050,273523.615,330904.664,299198.430,0.000,258383.256,241834.215,211513.823,181413.402,147447.836,114793.178,1904569,146.5605,1.0100,0.0351,4
PK,Pakistan,229488.9940,220892.340,338013.196,262958.794,0.000,199426.964,179424.641,142343.578,107647.921,78054.343,58142.060,881912,260.2176,1.0190,0.0289,5
NG,Nigeria,216746.9340,206139.589,401315.000,262977.337,0.000,181137.448,158503.197,122283.850,95212.450,73423.633,55982.144,923768,234.6335,1.0253,0.0273,6
BR,Brazil,215353.5930,212559.417,228980.400,223852.122,0.000,204471.769,195713.635,174790.340,149003.223,120694.009,95113.265,8515767,25.2888,1.0064,0.0271,7
BD,Bangladesh,167885.6890,164689.383,192567.778,178993.869,0.000,156256.276,147575.430,127657.854,103171.956,79639.491,64232.482,147570,1137.6682,1.0095,0.0211,8
RU,Russian Federation,145805.9470,145934.462,135824.481,143347.515,0.000,144985.057,143479.274,146404.903,147531.561,138053.150,130148.653,17098242,8.5275,0.9993,0.0183,9
MX,Mexico,131562.7720,128932.753,155150.818,140875.762,0.000,121858.258,114092.963,98899.845,83943.132,67761.372,51493.565,1964375,66.9744,1.0100,0.0165,10
JP,Japan,125584.8380,126476.461,105804.027,120758.057,0.000,127985.133,128542.353,127524.174,124505.240,117816.940,104929.251,377930,332.2966,0.9963,0.0158,11
ET,Ethiopia,120812.6980,114963.588,205410.675,144944.299,0.000,100835.458,87639.964,66224.804,47887.865,35141.712,28415.077,1104300,109.4021,1.0249,0.0152,12
PH,Philippines,112508.9940,109581.078,144488.158,123697.925,0.000,102113.212,93966.780,77991.755,61895.160,47357.743,35803.594,342353,328.6345,1.0132,0.0141,13
EG,Egypt,106156.6920,102334.404,159956.808,120831.557,0.000,92442.547,82761.235,68831.561,56134.475,43309.063,34513.850,1002450,105.8972,1.0182,0.0133,14
VN,Viet Nam,98953.5410,97338.579,109605.011,104163.519,0.000,92677.076,87967.651,79910.412,67988.862,54281.846,43404.793,331212,298.7619,1.0080,0.0124,15
CD,DR Congo,95240.7920,89561.403,194488.658,120046.726,0.000,76244.544,64563.854,47105.826,34612.023,26358.908,20011.036,2344858,40.6169,1.0310,0.0120,16
IR,Iran,86022.8370,83992.949,103098.075,92663.708,0.000,78492.215,73762.519,65623.405,56366.217,38650.246,28513.866,1648195,52.1921,1.0117,0.0108,17
TR,Turkey,85561.9760,84339.067,97139.570,89157.785,0.000,78529.409,72326.988,63240.194,53921.760,43975.971,34876.303,783562,109.1962,1.0061,0.0108,18
DE,Germany,83883.5960,83783.942,80103.978,83135.644,0.000,81787.411,80827.002,81400.882,79053.984,78283.100,78578.385,357114,234.8930,0.9998,0.0105,19
TH,Thailand,70078.2030,69799.978,65940.489,70345.536,0.000,68714.511,67195.028,62952.642,56558.186,47374.472,36884.536,513120,136.5727,1.0018,0.0088,20
GB,United Kingdom of Great Britain,68497.9070,67886.011,74081.981,70485.490,0.000,65860.146,63459.808,58923.309,57134.391,56209.171,55573.453,242900,282.0004,1.0043,0.0086,21
FR,France,65584.5180,65273.511,67586.728,66695.702,0.000,64453.200,62879.530,59015.096,56666.849,53868.009,50763.920,551695,118.8782,1.0024,0.0082,22
TZ,Tanzania,63298.5500,59734.218,129386.839,79162.725,0.000,51482.633,44346.525,33499.180,25203.845,18538.259,13535.481,945087,66.9764,1.0293,0.0080,23
ZA,South Africa,60756.1350,59308.690,75517.920,65956.081,0.000,55386.367,51216.964,44967.708,36800.509,28556.769,22069.776,1221037,49.7578,1.0119,0.0076,24
IT,Italy,60262.7700,60461.826,54381.673,59031.475,0.000,60578.494,59325.229,56692.178,57048.236,56349.349,53518.969,301336,199.9853,0.9983,0.0076,25
KE,Kenya,56215.2210,53771.296,91575.089,66449.654,0.000,47878.336,42030.676,31964.557,23724.579,16417.197,11301.394,580367,96.8615,1.0224,0.0071,26
MM,Myanmar,55227.1430,54409.800,62253.430,58478.494,0.000,52680.726,50600.818,46719.701,41335.199,34224.313,27269.069,676578,81.6272,1.0077,0.0069,27
CO,Colombia,51512.7620,50882.891,55957.824,53416.763,0.000,47520.667,45222.700,39629.968,33102.575,26900.506,21480.065,1141748,45.1175,1.0048,0.0065,28
KR,South Korea,51329.8990,51269.185,46829.925,51152.046,0.000,50823.093,49545.636,47379.241,42918.419,38045.607,32195.681,100210,512.2233,1.0005,0.0065,29
UG,Uganda,48432.8630,45741.007,89446.904,59437.928,0.000,38225.453,32428.167,23650.172,17354.392,12442.334,9405.600,241550,200.5086,1.0278,0.0061,30
ES,Spain,46719.1420,46754.778,43637.410,46230.140,0.000,46671.926,46931.015,40824.754,39202.525,37698.196,33883.749,505992,92.3318,0.9994,0.0059,31
AR,Argentina,46010.2340,45195.774,54867.256,49056.162,0.000,43075.416,40895.752,36870.787,32618.651,27896.528,23880.561,2780400,16.5481,1.0089,0.0058,32
SD,Sudan,45992.0200,43849.260,81192.823,55253.529,0.000,38902.950,34545.013,27275.015,20147.590,14507.468,10281.700,1886068,24.3851,1.0241,0.0058,33
DZ,Algeria,45350.1480,43851.044,60923.386,50360.749,0.000,39728.025,35977.455,31042.235,25758.869,19221.665,14464.985,2381741,19.0408,1.0164,0.0057,34
UA,Ukraine,43192.1220,43733.762,35219.042,40882.329,0.000,44921.639,45792.090,48838.065,51463.105,49965.874,47088.857,603500,71.5694,0.9937,0.0054,35
IQ,Iraq,42164.9650,40222.493,70940.126,50193.756,0.000,35572.261,29741.976,23497.585,17419.113,13653.354,9917.983,438317,96.1974,1.0239,0.0053,36
AF,Afghanistan,40754.3880,38928.346,64682.974,48093.578,0.000,34413.603,29185.507,20779.953,12412.308,13356.511,11173.642,652230,62.4847,1.0231,0.0051,37
CA,Canada,38388.4190,37742.154,45669.441,40833.727,0.000,36026.676,34147.564,30588.383,27541.319,24416.886,21374.326,9984670,3.8447,1.0084,0.0048,38
MA,Morocco,37772.7560,36910.560,46165.501,40887.295,0.000,34663.603,32343.389,28793.679,24807.462,19990.012,16004.731,446550,84.5880,1.0115,0.0047,39
PL,Poland,37739.7850,37846.611,33294.567,36944.563,0.000,38034.079,38329.781,38556.693,37960.193,35539.720,32639.258,312679,120.6982,0.9985,0.0047,40
SA,Saudi Arabia,35844.9090,34813.871,44562.476,39322.338,0.000,31717.667,27421.461,20663.843,16233.785,9691.476,5836.389,2149690,16.6745,1.0143,0.0045,41
AO,Angola,35027.3430,32866.272,77420.346,44834.712,0.000,27884.381,23356.246,16395.473,11848.386,8341.289,5890.365,1246700,28.0960,1.0322,0.0044,42
UZ,Uzbekistan,34382.0840,33469.203,42942.485,37418.456,0.000,30929.557,28515.909,24769.955,20398.348,15898.757,12080.317,447400,76.8486,1.0132,0.0043,43
PE,Peru,33684.2080,32971.854,40373.987,36030.592,0.000,30470.734,29027.674,26459.944,22071.433,17547.610,13459.794,1285216,26.2090,1.0097,0.0042,44
MY,Malaysia,33181.0720,32365.999,40550.365,36095.054,0.000,30270.962,28208.035,23194.257,18029.824,13798.085,10804.131,330803,100.3046,1.0124,0.0042,45
MZ,Mozambique,33089.4610,31255.435,65312.929,41184.834,0.000,27042.002,23531.574,17711.927,12987.292,11630.194,9022.741,801590,41.2798,1.0288,0.0042,46
GH,Ghana,32395.4500,31072.940,52016.125,37833.419,0.000,27849.205,24779.619,19278.856,14773.277,11056.116,8735.495,238533,135.8112,1.0209,0.0041,47
YE,Yemen,31154.8670,29825.964,48080.021,36406.888,0.000,26497.889,23154.855,17409.072,11709.993,7941.898,6193.384,527968,59.0090,1.0218,0.0039,48
NP,Nepal,30225.5820,29136.808,35323.921,33389.536,0.000,27015.031,27013.212,23941.110,18905.478,15016.402,12074.626,147181,205.3633,1.0186,0.0038,49
VE,Venezuela (Bolivarian Republic ,29266.9910,28435.940,37023.115,33626.469,0.000,30081.829,28439.940,24192.446,19632.665,15182.611,11396.393,916445,31.9353,1.0196,0.0037,50
MG,Madagascar,29178.0770,27691.018,54048.128,35622.321,0.000,24234.088,21151.640,15766.806,11598.633,8716.553,6576.305,587041,49.7036,1.0264,0.0037,51
CM,Cameroon,27911.5480,26545.863,50573.042,33766.121,0.000,23298.368,20341.241,15513.945,11780.088,8621.406,6519.762,475442,58.7065,1.0252,0.0035,52
CI,Ivory Coast,27742.2980,26378.274,51263.671,33712.599,0.000,23226.143,20532.950,16454.668,11924.877,8033.650,5102.064,322463,86.0325,1.0255,0.0035,53
NE,Niger,26083.6600,24206.644,65593.043,34846.020,0.000,20001.663,16464.025,11331.557,8026.591,5989.004,4510.644,1267000,20.5869,1.0379,0.0033,54
AU,Australia,26068.7920,25499.884,32814.113,28177.481,0.000,23932.502,22154.679,18991.431,16960.597,14588.405,12793.034,7692024,3.3891,1.0109,0.0033,55
KP,North Korea,25990.6790,25778.816,26561.619,26651.329,0.000,25183.833,24548.836,22929.075,20293.054,17472.140,14410.400,120538,215.6223,1.0040,0.0033,56
TW,Taiwan,23888.5950,23816.775,22412.982,24011.258,0.000,23557.477,23187.551,21966.527,20478.520,17905.458,14924.455,36193,660.0336,1.0014,0.0030,57
BF,Burkina Faso,22102.8380,20903.273,43432.184,27404.039,0.000,18110.624,15605.217,11607.942,8811.034,6822.843,5624.600,272967,80.9726,1.0282,0.0028,58
LK,Sri Lanka,21575.8420,21413.249,21813.968,22023.016,0.000,20908.027,20261.737,18777.601,17325.773,15035.834,12485.740,65610,328.8499,1.0037,0.0027,59
ML,Mali,21473.7640,20250.833,43585.530,26957.396,0.000,17438.778,15049.353,10946.445,8449.913,7090.126,5949.045,1240192,17.3149,1.0296,0.0027,60
MW,Malawi,20180.8390,19129.952,38142.973,24849.440,0.000,16745.303,14539.612,11148.758,9404.500,6250.440,4703.782,118484,170.3254,1.0271,0.0025,61
ZM,Zambia,19470.2340,18383.955,39120.917,24325.505,0.000,15879.361,13605.984,10415.944,8036.845,5851.825,4179.067,752612,25.8702,1.0290,0.0024,62
SY,Syria,19364.8090,17500.658,33129.321,26676.565,0.000,17997.408,21362.529,16410.848,12446.171,8930.774,6350.541,185180,104.5729,1.0596,0.0024,63
CL,Chile,19250.1950,19116.201,20319.307,19458.103,0.000,17969.353,17062.536,15342.353,13274.623,11419.348,9783.134,756102,25.4598,1.0020,0.0024,64
KZ,Kazakhstan,19205.0430,18776.707,24024.045,20639.021,0.000,17572.016,16252.279,14922.719,16383.887,14796.174,13036.139,2724900,7.0480,1.0111,0.0024,65
RO,Romania,19031.3350,19237.691,16259.787,18306.101,0.000,19925.175,20471.864,22137.419,23489.160,22615.639,20548.911,238391,79.8324,0.9950,0.0024,66
GT,Guatemala,18584.0390,17915.568,26920.712,21212.561,0.000,16252.429,14630.417,11650.743,9263.813,7283.459,5621.792,108889,170.6696,1.0183,0.0023,67
EC,Ecuador,18113.3610,17643.054,23316.457,19818.797,0.000,16212.020,15011.117,12681.123,10230.934,7989.186,6069.376,276841,65.4288,1.0126,0.0023,68
SN,Senegal,17653.6710,16743.927,33186.859,21551.460,0.000,14578.459,12678.148,9797.734,7526.307,5583.165,4257.505,196722,89.7392,1.0266,0.0022,69
TD,Chad,17413.5800,16425.864,34031.311,21690.381,0.000,14110.975,11952.136,8355.654,5963.252,4514.430,3643.604,1284000,13.5620,1.0295,0.0022,70
NL,Netherlands,17211.4470,17134.872,17165.372,17450.322,0.000,16938.499,16682.917,15926.188,14965.448,14148.415,13001.943,41850,411.2652,1.0022,0.0022,71
KH,Cambodia,17168.6390,16718.965,21860.919,18781.033,0.000,15521.436,14312.212,12155.239,8975.597,6693.764,6996.576,181035,94.8360,1.0131,0.0022,72
SO,Somalia,16841.7950,15893.222,34922.447,21191.037,0.000,13797.201,12043.883,8872.254,7225.092,6281.134,3444.568,637657,26.4120,1.0295,0.0021,73
ZW,Zimbabwe,15331.4280,14862.924,23947.923,17596.447,0.000,13814.629,12697.723,11881.477,10432.421,7408.624,5289.303,390757,39.2352,1.0159,0.0019,74
GN,Guinea,13865.6910,13132.795,25971.806,17020.915,0.000,11432.088,10192.176,8240.730,6352.283,4871.435,4154.605,245857,56.3974,1.0273,0.0017,75
RW,Rwanda,13600.4640,12952.218,23048.005,16234.387,0.000,11369.071,10039.338,7933.681,7288.882,5153.312,3757.358,26338,516.3818,1.0244,0.0017,76
BJ,Benin,12784.7260,12123.200,24280.477,15672.304,0.000,10575.952,9199.259,6865.951,4978.496,3717.165,2912.340,112622,113.5189,1.0268,0.0016,77
BI,Burundi,12624.8400,11890.784,25324.761,15772.822,0.000,10160.030,8675.602,6378.871,5438.957,4157.298,3479.074,27834,453.5762,1.0301,0.0016,78
TN,Tunisia,12046.6560,11818.619,13796.600,12755.757,0.000,11179.949,10635.244,9708.350,8242.496,6374.039,5063.809,163610,73.6303,1.0093,0.0015,79
BO,Bolivia (Plurinational State of,11992.6560,11673.021,15839.563,13240.382,0.000,10869.730,10048.590,8418.264,6864.842,5579.935,4484.004,1098581,10.9165,1.0135,0.0015,80
HT,Haiti,11680.2830,11402.528,14877.779,12733.238,0.000,10695.542,9949.322,8463.806,7037.917,5643.173,4676.230,27750,420.9111,1.0120,0.0015,81
BE,Belgium,11668.2780,11589.623,12220.765,11903.750,0.000,11287.940,10938.739,10282.033,10006.544,9868.995,9632.180,30528,382.2156,1.0031,0.0015,82
SS,South Sudan,11618.5110,11193.725,19962.712,13839.272,0.000,10715.658,9508.364,6199.394,5492.623,4502.604,3494.004,619745,18.7472,1.0208,0.0015,83
CU,Cuba,11305.6520,11326.616,10162.396,11142.328,0.000,11324.781,11225.832,11126.430,10596.987,9849.459,8712.541,109884,102.8872,0.9990,0.0014,84
DO,Dominican Republic,11056.3700,10847.910,12795.809,11770.322,0.000,10281.680,9695.121,8471.321,7133.494,5803.927,4499.720,48671,227.1655,1.0094,0.0014,85
CZ,Czech Republic,10736.7840,10708.981,10545.581,10744.834,0.000,10601.397,10536.518,10289.373,10340.875,10349.083,9817.669,78865,136.1413,1.0011,0.0013,86
GR,Greece,10316.6370,10423.054,9029.249,9917.250,0.000,10659.750,10887.637,11082.104,10225.992,9627.002,8663.571,131990,78.1623,0.9948,0.0013,87
JO,Jordan,10300.8690,10203.134,12932.410,10655.181,0.000,9266.575,7261.539,5122.493,3565.890,2377.995,1721.323,89342,115.2970,1.0031,0.0013,88
AZ,Azerbaijan,10300.2050,10139.177,11064.999,10739.732,0.000,9622.745,9032.461,8122.741,7242.761,6150.733,5180.023,86600,118.9400,1.0075,0.0013,89
HN,Honduras,10221.2470,9904.607,13830.799,11449.249,0.000,9112.916,8317.470,6574.509,4955.303,3678.279,2716.654,112492,90.8620,1.0157,0.0013,90
SE,Sweden,10218.9710,10099.265,11389.196,10629.981,0.000,9764.950,9390.168,8881.640,8567.384,8316.338,8054.916,450295,22.6939,1.0058,0.0013,91
PT,Portugal,10140.5700,10196.709,9084.576,9912.679,0.000,10368.351,10596.058,10297.112,9895.364,9750.964,8651.340,92090,110.1159,0.9973,0.0013,92
AE,United Arab Emirates,10081.7850,9890.402,10425.287,10661.076,0.000,9262.900,8549.988,3134.062,1828.432,1019.509,234.514,83600,120.5955,1.0091,0.0013,93
TJ,Tajikistan,9957.4640,9537.645,16208.250,11557.369,0.000,8454.028,7527.394,6216.341,5283.814,3905.446,2930.107,143100,69.5840,1.0213,0.0013,94
HU,Hungary,9606.2590,9660.351,8470.230,9338.446,0.000,9777.923,9927.370,10220.507,10377.137,10754.286,10366.105,93028,103.2620,0.9971,0.0012,95
BY,Belarus,9432.8000,9449.323,8634.225,9264.784,0.000,9439.423,9420.574,9871.632,10151.134,9569.847,8913.552,207600,45.4374,0.9989,0.0012,96
PG,Papua New Guinea,9292.1690,8947.024,14204.066,10709.348,0.000,8107.775,7310.507,5847.586,4615.839,3571.205,2783.121,462840,20.0764,1.0190,0.0012,97
AT,Austria,9066.7100,9006.398,9130.699,9175.689,0.000,8678.660,8409.949,8069.276,7723.949,7609.752,7516.239,83871,108.1030,1.0026,0.0011,98
IL,Israel,8922.8920,8655.535,12720.416,9979.698,0.000,7978.490,7346.446,5945.950,4448.353,3700.919,2813.749,20770,429.6048,1.0151,0.0011,99
CH,Switzerland,8773.6370,8654.622,9817.721,9185.115,0.000,8296.775,7808.675,7143.761,6652.868,6283.832,6150.852,41284,212.5191,1.0067,0.0011,100
TG,Togo,8680.8370,8278.724,15415.499,10421.916,0.000,7323.158,6421.679,4924.402,3774.312,2720.839,2115.522,56785,152.8720,1.0239,0.0011,101
RS,Serbia,8653.0160,8737.371,7083.833,8250.431,0.000,8876.777,8991.254,9487.616,9517.675,8908.294,8119.860,88361,97.9280,0.9949,0.0011,102
SL,Sierra Leone,8306.4360,7976.983,12944.873,9648.691,0.000,7171.914,6415.634,4584.571,4319.762,3388.495,2744.891,71740,115.7853,1.0203,0.0010,103
HK,Hong Kong,7604.2990,7496.981,8041.048,8018.670,0.000,7185.996,6966.331,6606.327,5727.938,4868.742,3848.924,1104,6887.9520,1.0068,0.0010,104
LA,Lao People's Democratic Republi,7481.0230,7275.560,9479.747,8226.273,0.000,6741.164,6249.165,5323.700,4258.472,3258.144,2688.428,236800,31.5922,1.0138,0.0009,105
PY,Paraguay,7305.8430,7132.538,9101.631,7949.971,0.000,6688.746,6248.020,5323.201,4223.415,3181.625,2474.763,406752,17.9614,1.0119,0.0009,106
LY,Libya,7040.7450,6871.292,8525.414,7606.415,0.000,6418.315,6197.663,5357.891,4436.661,3219.466,2133.526,1759540,4.0015,1.0118,0.0009,107
BG,Bulgaria,6844.5970,6948.445,5385.441,6416.749,0.000,7199.741,7425.008,7997.957,8841.458,8878.791,8507.551,110879,61.7303,0.9925,0.0009,108
NI,Nicaragua,6779.1000,6624.554,8531.048,7391.881,0.000,6223.240,5824.065,5069.302,4173.434,3265.519,2406.513,130373,51.9977,1.0114,0.0009,109
KG,Kyrgyzstan,6728.2710,6524.195,9126.108,7446.104,0.000,5959.121,5422.293,4920.712,4372.885,3610.970,2969.851,199951,33.6496,1.0151,0.0008,110
LB,Lebanon,6684.8490,6825.445,6528.164,6194.844,0.000,6532.678,4953.061,3842.778,2803.044,2588.929,2297.434,10452,639.5761,0.9875,0.0008,111
SV,El Salvador,6550.3890,6486.205,6936.786,6778.586,0.000,6325.124,6183.875,5887.936,5270.079,4591.134,3673.068,21041,311.3155,1.0049,0.0008,112
TM,Turkmenistan,6201.9430,6031.200,7949.281,6782.355,0.000,5565.287,5087.213,4516.133,3683.967,2876.808,2195.175,488100,12.7063,1.0137,0.0008,113
SG,Singapore,5943.5460,5850.342,6407.532,6262.466,0.000,5592.152,5131.172,4028.871,3012.966,2411.688,2072.283,710,8371.1915,1.0079,0.0007,114
DK,Denmark,5834.9500,5792.202,6245.374,6001.867,0.000,5688.695,5554.844,5341.194,5141.115,5123.945,4931.241,43094,135.4005,1.0037,0.0007,115
CG,Republic of the Congo,5797.8050,5518.087,10701.994,7019.831,0.000,4856.095,4273.731,3127.411,2356.737,1777.934,1326.885,342000,16.9526,1.0249,0.0007,116
FI,Finland,5554.9600,5540.720,5486.143,5580.537,0.000,5481.122,5365.782,5187.954,4996.222,4788.243,4612.366,338424,16.4142,1.0012,0.0007,117
NO,Norway,5511.3700,5421.241,6600.338,5875.913,0.000,5199.836,4885.878,4499.367,4247.285,4086.076,3876.060,323802,17.0208,1.0084,0.0007,118
SK,Slovakia,5460.1930,5459.642,4983.648,5403.400,0.000,5435.611,5404.294,5399.211,5288.454,4996.731,4538.841,49037,111.3484,0.9999,0.0007,119
PS,Palestine,5345.5410,5101.414,8815.774,6341.728,0.000,4529.166,4055.631,3224.003,2101.446,1510.713,1126.629,6220,859.4117,1.0235,0.0007,120
OM,Oman,5323.9930,5106.626,6915.444,5936.081,0.000,4267.348,3041.434,2267.973,1812.161,1154.377,723.851,309500,17.2019,1.0193,0.0007,121
LR,Liberia,5305.1170,5057.681,9339.752,6371.553,0.000,4472.230,3891.356,2848.456,2075.912,1853.001,1400.730,111369,47.6355,1.0241,0.0007,122
CR,Costa Rica,5182.3540,5094.118,5772.699,5468.038,0.000,4847.804,4577.378,3962.372,3119.433,2389.977,1847.394,51100,101.4159,1.0084,0.0007,123
IE,Ireland,5020.1990,4937.786,5677.615,5248.041,0.000,4652.425,4554.321,3783.103,3510.885,3384.756,2908.421,70273,71.4385,1.0075,0.0006,124
CF,Central African Republic,5016.6780,4829.767,8400.956,5942.211,0.000,4493.170,4386.768,3640.427,2806.734,2199.356,1811.144,622984,8.0527,1.0197,0.0006,125
MR,Mauritania,4901.9810,4649.658,9024.892,5967.168,0.000,4046.301,3494.195,2630.219,2034.346,1540.640,1146.780,1030700,4.7560,1.0266,0.0006,126
NZ,New Zealand,4898.2030,4822.233,5607.793,5172.962,0.000,4614.532,4370.062,3858.999,3398.172,3146.619,2818.387,270467,18.1102,1.0077,0.0006,127
PA,Panama,4446.9640,4314.767,5852.947,4927.612,0.000,3968.487,3642.687,3030.328,2470.947,1978.487,1519.285,75417,58.9650,1.0149,0.0006,128
KW,Kuwait,4380.3260,4270.571,5393.472,4747.081,0.000,3835.591,2991.884,2045.123,2095.344,1368.677,744.450,17818,245.8371,1.0120,0.0006,129
HR,Croatia,4059.2860,4105.267,3364.800,3877.272,0.000,4232.874,4328.165,4428.075,4776.374,4598.130,4423.073,56594,71.7264,0.9945,0.0005,130
MD,Moldova,4013.1710,4033.963,3360.177,3885.896,0.000,4070.700,4086.081,4202.658,4365.564,4011.076,3595.555,33846,118.5715,0.9973,0.0005,131
GE,Georgia,3968.7380,3989.167,3516.865,3853.306,0.000,4024.183,4099.099,4362.187,5410.399,5017.833,4713.342,69700,56.9403,0.9972,0.0005,132
ER,Eritrea,3662.2440,3546.421,6005.490,4240.213,0.000,3342.818,3170.435,2292.416,2258.653,1733.416,1310.945,117600,31.1415,1.0169,0.0005,133
UY,Uruguay,3496.0160,3473.730,3639.109,3569.471,0.000,3412.009,3359.275,3319.736,3109.601,2915.389,2809.793,181034,19.3114,1.0031,0.0004,134
MN,Mongolia,3378.0780,3278.290,4448.930,3716.210,0.000,2998.439,2719.896,2397.418,2184.145,1689.622,1278.825,1564110,2.1597,1.0147,0.0004,135
BA,Bosnia and Herzegovina,3249.3170,3280.819,2685.037,3126.648,0.000,3429.361,3705.472,3751.176,4463.423,4179.855,3760.529,51209,63.4521,0.9957,0.0004,136
JM,Jamaica,2985.0940,2961.167,2960.317,3047.974,0.000,2891.021,2810.460,2654.701,2419.906,2162.846,1875.642,10991,271.5944,1.0039,0.0004,137
QA,Qatar,2979.9150,2881.053,3851.131,3326.890,0.000,2565.710,1856.327,592.468,476.278,223.632,109.514,11586,257.1996,1.0169,0.0004,138
AM,Armenia,2971.9660,2963.243,2816.112,2967.005,0.000,2925.553,2877.319,3069.591,3538.171,3099.754,2525.068,29743,99.9215,1.0013,0.0004,139
AL,Albania,2866.3740,2877.797,2424.061,2786.974,0.000,2890.513,2948.023,3129.243,3286.073,2682.690,2150.707,28748,99.7069,0.9977,0.0004,140
PR,Puerto Rico,2829.8120,2860.853,2445.386,2905.352,0.000,3381.518,3579.841,3668.960,3403.154,3090.691,2631.707,8870,319.0318,1.0006,0.0004,141
LT,Lithuania,2661.7080,2722.289,2121.397,2484.803,0.000,2931.880,3123.816,3501.839,3696.035,3430.760,3136.586,65300,40.7612,0.9895,0.0003,142
NA,Namibia,2633.8740,2540.905,3981.130,3010.871,0.000,2314.904,2118.874,1794.571,1432.905,1057.727,817.469,825615,3.1902,1.0180,0.0003,143
GM,Gambia,2558.4820,2416.668,4882.101,3170.685,0.000,2085.860,1793.196,1317.703,955.593,637.246,464.410,10689,239.3565,1.0288,0.0003,144
BW,Botswana,2441.1620,2351.627,3509.819,2774.340,0.000,2120.716,1987.105,1643.334,1286.756,897.868,627.715,582000,4.1944,1.0183,0.0003,145
GA,Gabon,2331.5330,2225.734,3809.050,2744.451,0.000,1947.686,1624.140,1228.360,949.488,726.328,589.314,267668,8.7105,1.0231,0.0003,146
LS,Lesotho,2175.6990,2142.249,2665.270,2325.164,0.000,2059.021,1995.581,2032.804,1703.747,1340.255,1028.926,30355,71.6751,1.0077,0.0003,147
MK,North Macedonia,2081.3040,2083.374,1856.775,2050.747,0.000,2079.328,2070.741,2034.819,1996.228,1924.197,1720.800,25713,80.9436,0.9993,0.0003,148
SI,Slovenia,2078.0340,2078.938,1939.592,2056.193,0.000,2071.199,2043.337,1987.717,2006.405,1835.831,1669.581,20273,102.5025,0.9997,0.0003,149
GW,Guinea-Bissau,2063.3670,1968.001,3557.201,2461.208,0.000,1737.202,1522.599,1201.301,975.261,781.677,704.939,36125,57.1174,1.0238,0.0003,150
LV,Latvia,1848.8370,1886.198,1479.172,1720.146,0.000,1997.674,2118.861,2384.164,2664.439,2521.391,2378.021,64559,28.6379,0.9903,0.0002,151
BH,Bahrain,1783.9830,1701.575,2316.049,2013.416,0.000,1371.851,1240.860,664.611,495.931,359.888,212.605,765,2332.0039,1.0204,0.0002,152
GQ,Equatorial Guinea,1496.6620,1402.985,2820.925,1873.549,0.000,1168.568,943.639,606.181,419.188,249.929,303.982,28051,53.3550,1.0323,0.0002,153
TT,Trinidad and Tobago,1406.5850,1399.488,1343.789,1413.415,0.000,1370.328,1328.147,1267.153,1221.116,1084.744,945.360,5130,274.1881,1.0023,0.0002,154
TL,Timor-Leste,1369.4290,1318.445,2019.291,1574.057,0.000,1196.302,1093.523,884.366,737.814,599.905,571.565,14874,92.0686,1.0190,0.0002,155
EE,Estonia,1321.9100,1326.535,1158.408,1279.962,0.000,1315.325,1332.101,1399.112,1565.246,1474.439,1360.202,45227,29.2283,0.9975,0.0002,156
MU,Mauritius,1274.7270,1271.768,1185.529,1274.041,0.000,1259.456,1247.955,1185.145,1055.868,966.031,826.441,2040,624.8662,1.0010,0.0002,157
CY,Cyprus,1223.3870,1207.359,1354.591,1274.972,0.000,1160.985,1112.612,943.290,766.615,685.405,613.618,9251,132.2438,1.0064,0.0002,158
SZ,Eswatini,1184.8170,1160.164,1704.428,1297.835,0.000,1104.044,1064.837,1005.435,822.420,587.858,431.253,17364,68.2341,1.0106,0.0001,159
DJ,Djibouti,1016.0970,988.000,1295.373,1116.724,0.000,913.993,840.198,717.584,590.398,358.960,159.659,23200,43.7973,1.0139,0.0001,160
FJ,Fiji,909.4660,896.445,1071.255,966.015,0.000,868.627,859.818,811.006,728.573,635.307,520.562,18272,49.7738,1.0073,0.0001,161
RE,Reunion,908.0610,895.312,1009.876,954.806,0.000,863.363,830.519,736.710,610.582,509.265,462.025,2511,361.6332,1.0071,0.0001,162
KM,Comoros,907.4190,869.601,1471.737,1063.114,0.000,777.424,689.692,542.357,411.594,307.829,230.054,1862,487.3357,1.0213,0.0001,163
GY,Guyana,794.0450,786.552,824.957,821.590,0.000,767.432,749.436,746.715,743.309,780.153,704.934,214969,3.6938,1.0047,0.0001,164
BT,Bhutan,787.9410,771.608,904.616,842.670,0.000,727.876,685.503,591.021,530.804,406.875,297.316,38394,20.5225,1.0103,0.0001,165
SB,Solomon Islands,721.1590,686.884,1290.216,864.605,0.000,603.118,527.861,412.660,311.866,230.546,160.250,28896,24.9571,1.0244,0.0001,166
MO,Macau,667.4900,649.335,838.368,731.874,0.000,602.085,538.219,427.782,343.808,238.071,246.194,30,22249.6667,1.0138,0.0001,167
LU,Luxembourg,642.3710,625.978,789.942,690.348,0.000,566.741,507.889,436.103,381.791,364.038,339.668,2586,248.4033,1.0119,0.0001,168
ME,Montenegro,627.9500,628.066,589.333,624.059,0.000,626.956,624.275,613.559,615.002,580.754,519.696,13812,45.4641,0.9998,0.0001,169
EH,Western Sahara,626.1610,597.339,984.023,737.345,0.000,526.216,480.274,314.118,217.258,150.877,76.874,266000,2.3540,1.0233,0.0001,170
SR,Suriname,596.8310,586.632,680.241,632.401,0.000,559.143,529.131,470.949,405.168,359.519,367.931,163820,3.6432,1.0085,0.0001,171
CV,Cabo Verde,567.6780,555.987,679.394,610.057,0.000,524.743,492.654,428.188,337.950,283.847,268.627,4033,140.7582,1.0103,0.0001,172
MV,Maldives,540.9850,540.544,586.100,519.341,0.000,454.915,365.734,279.398,223.158,158.272,115.691,300,1803.2833,0.9952,0.0001,173
BN,Brunei,445.4310,437.479,492.385,470.990,0.000,414.907,388.646,333.165,258.721,193.879,129.529,5765,77.2647,1.0088,0.0001,174
MT,Malta,444.0330,441.543,426.787,448.899,0.000,433.559,414.253,393.645,362.015,331.497,320.545,316,1405.1677,1.0028,0.0001,175
BZ,Belize,412.1900,397.628,571.042,467.633,0.000,360.933,322.464,247.315,187.552,144.155,122.182,22966,17.9478,1.0180,0.0001,176
BS,Bahamas,400.5160,393.244,463.333,426.813,0.000,374.206,354.942,298.051,256.223,210.591,169.377,13943,28.7252,1.0091,0.0001,177
GP,Guadeloupe,399.7940,400.124,386.922,400.246,0.000,400.255,406.071,422.051,389.249,336.685,321.883,1628,245.5737,0.9994,0.0001,178
MQ,Martinique,374.0870,375.265,331.960,367.716,0.000,378.478,394.663,387.004,358.449,325.454,325.011,1128,331.6374,0.9982,0.0000,179
IS,Iceland,345.3930,341.243,376.693,359.711,0.000,330.243,320.328,280.435,255.043,228.262,204.426,103000,3.3533,1.0059,0.0000,180
VU,Vanuatu,321.8320,307.145,556.756,383.373,0.000,271.130,236.211,184.972,146.573,115.597,85.377,12189,26.4035,1.0234,0.0000,181
GF,French Guiana,314.1690,298.682,544.807,377.611,0.000,260.999,233.002,163.165,115.784,66.977,47.930,83534,3.7610,1.0252,0.0000,182
NC,New Caledonia,290.9150,285.498,346.510,311.024,0.000,271.065,253.527,217.269,170.336,145.144,105.324,18575,15.6616,1.0094,0.0000,183
BB,Barbados,288.0230,287.375,277.011,289.444,0.000,285.324,282.131,271.515,260.936,252.394,238.896,430,669.8209,1.0011,0.0000,184
YT,Mayotte,286.2590,272.815,494.839,342.890,0.000,240.020,208.718,150.331,94.784,55.137,36.969,374,765.3984,1.0241,0.0000,185
PF,French Polynesia,284.1640,280.908,310.654,296.714,0.000,273.124,266.455,240.686,199.905,153.301,110.495,4167,68.1939,1.0058,0.0000,186
ST,Sao Tome and Principe,227.6790,219.159,394.153,268.244,0.000,199.432,180.371,142.262,119.209,95.794,74.564,964,236.1815,1.0193,0.0000,187
WS,Samoa,202.2390,198.414,267.391,220.371,0.000,193.513,185.949,174.454,162.803,155.525,143.149,2842,71.1608,1.0104,0.0000,188
LC,Saint Lucia,185.1130,183.627,182.129,188.738,0.000,179.126,174.085,156.729,138.020,117.822,104.015,616,300.5081,1.0039,0.0000,189
GU,Guam,171.5190,168.775,192.780,181.147,0.000,161.853,159.444,155.329,130.482,104.133,83.877,549,312.4208,1.0079,0.0000,190
CW,Curacao,165.5290,164.093,175.722,170.704,0.000,159.847,149.192,132.140,146.670,147.996,143.634,444,372.8131,1.0044,0.0000,191
KI,Kiribati,123.4190,119.449,176.708,139.179,0.000,110.930,102.927,84.396,72.400,59.301,51.151,811,152.1813,1.0167,0.0000,192
FM,Micronesia,117.4890,115.023,138.917,126.691,0.000,108.895,102.911,107.402,96.301,72.930,61.417,702,167.3632,1.0106,0.0000,193
GD,Grenada,113.4750,112.523,115.564,115.779,0.000,109.599,106.233,102.833,96.331,89.032,94.475,344,329.8692,1.0040,0.0000,194
VC,Saint Vincent and the Grenadines,111.5510,110.940,109.113,113.038,0.000,109.148,108.255,107.784,107.484,100.566,90.509,389,286.7635,1.0026,0.0000,195
TO,Tonga,107.7490,105.695,134.180,115.621,0.000,100.781,103.986,97.973,95.069,92.971,84.351,747,144.2423,1.0093,0.0000,196
AW,Aruba,107.6090,106.766,108.716,110.247,0.000,104.341,101.669,90.853,62.149,60.096,59.063,180,597.8278,1.0038,0.0000,197
VI,United States Virgin Islands,103.9710,104.425,86.220,100.692,0.000,104.958,106.087,108.722,103.756,99.080,64.726,347,299.6282,0.9976,0.0000,198
AG,Antigua and Barbuda,99.5090,97.929,110.896,104.864,0.000,93.566,88.028,76.016,62.528,61.865,64.177,442,225.1335,1.0079,0.0000,199
SC,Seychelles,99.4260,98.347,104.565,102.534,0.000,94.978,91.264,80.996,70.570,66.244,52.368,452,219.9690,1.0052,0.0000,200
IM,Isle of Man,85.7320,85.033,90.748,87.993,0.000,83.234,84.857,76.941,70.298,63.551,55.425,572,149.8811,1.0038,0.0000,201
AD,Andorra,77.4630,77.265,76.118,77.925,0.000,78.011,84.449,65.390,54.509,36.067,24.276,468,165.5192,1.0014,0.0000,202
DM,Dominica,72.3440,71.986,70.877,73.241,0.000,71.183,70.878,69.650,70.419,75.314,71.073,751,96.3302,1.0025,0.0000,203
KY,Cayman Islands,67.2770,65.722,84.655,73.334,0.000,61.724,56.672,42.303,25.312,16.212,9.144,264,254.8371,1.0117,0.0000,204
BM,Bermuda,61.9390,62.278,53.278,60.492,0.000,63.692,65.389,65.012,61.634,57.573,52.565,54,1147.0185,0.9976,0.0000,205
MH,Marshall Islands,60.0570,59.190,75.365,65.000,0.000,57.439,56.366,50.753,47.271,30.576,20.395,181,331.8066,1.0075,0.0000,206
MP,Northern Mariana Islands,58.2690,57.559,62.032,61.060,0.000,55.780,53.971,57.453,45.752,16.633,12.994,464,125.5797,1.0061,0.0000,207
GL,Greenland,56.9730,56.770,53.300,57.091,0.000,56.377,56.638,56.175,55.604,50.179,46.074,2166086,0.0263,1.0017,0.0000,208
AS,American Samoa,55.0300,55.191,53.581,54.728,0.000,55.812,56.079,57.821,47.347,32.646,27.363,199,276.5327,0.9987,0.0000,209
KN,Saint Kitts and Nevis,53.8710,53.199,56.161,55.832,0.000,51.203,49.016,44.074,40.259,43.205,44.883,261,206.4023,1.0061,0.0000,210
FO,Faroe Islands,49.2330,48.863,53.466,50.913,0.000,48.051,47.814,46.735,47.274,43.337,39.009,1393,35.3431,1.0038,0.0000,211
SX,Sint Maarten,43.9660,42.876,55.017,48.076,0.000,39.968,34.168,32.564,28.812,13.100,6.864,34,1293.1176,1.0128,0.0000,212
MC,Monaco,39.7830,39.242,46.002,41.777,0.000,37.718,35.612,32.147,29.438,26.745,23.484,2,19891.5000,1.0069,0.0000,213
TC,Turks and Caicos Islands,39.7410,38.717,50.273,43.606,0.000,35.981,32.660,20.164,12.111,7.888,5.841,948,41.9209,1.0130,0.0000,214
MF,Saint Martin,39.7300,38.666,50.825,43.269,0.000,35.858,37.582,28.935,31.520,8.771,5.712,53,749.6226,1.0126,0.0000,215
LI,Liechtenstein,38.3870,38.128,40.360,39.402,0.000,37.470,35.994,33.184,28.789,25.879,21.266,160,239.9187,1.0036,0.0000,216
SM,San Marino,34.0850,33.931,33.640,34.413,0.000,33.272,31.229,27.462,24.125,21.459,19.221,61,558.7705,1.0020,0.0000,217
GI,Gibraltar,33.7040,33.691,33.917,33.914,0.000,33.736,33.585,31.077,29.147,30.065,28.606,6,5617.3333,1.0002,0.0000,218
VG,British Virgin Islands,30.5960,30.231,31.541,31.764,0.000,29.152,27.794,20.311,17.489,11.478,9.827,151,202.6225,1.0058,0.0000,219
PW,Palau,18.2330,18.094,17.718,18.476,0.000,17.665,17.955,19.105,15.058,12.179,11.811,459,39.7233,1.0035,0.0000,220
CK,Cook Islands,17.5710,17.564,17.081,17.524,0.000,17.586,18.391,17.930,18.191,17.512,21.302,236,74.4534,1.0003,0.0000,221
AI,Anguilla,15.2300,15.003,16.517,15.914,0.000,14.279,13.438,11.252,8.899,7.285,6.771,91,167.3626,1.0075,0.0000,222
TV,Tuvalu,12.0660,11.792,15.983,13.164,0.000,11.099,10.530,9.394,8.913,7.637,5.735,26,464.0769,1.0113,0.0000,223
WF,Wallis and Futuna,10.9820,11.239,9.131,10.389,0.000,12.266,12.689,14.694,13.800,11.231,8.853,142,77.3380,0.9899,0.0000,224
NR,Nauru,10.9030,10.824,10.794,10.991,0.000,10.383,10.005,10.337,9.505,7.741,6.552,21,519.1905,1.0025,0.0000,225
BL,Saint Barthelemy,9.9450,9.877,10.831,10.226,0.000,9.693,9.234,7.427,5.339,3.082,2.343,21,473.5714,1.0038,0.0000,226
PM,Saint Pierre and Miquelon,5.7590,5.794,5.247,5.677,0.000,5.993,6.353,6.294,6.393,6.131,5.552,242,23.7975,0.9988,0.0000,227
MS,Montserrat,4.9650,4.992,4.153,4.763,0.000,4.967,4.899,4.929,10.615,11.607,11.534,102,48.6765,0.9976,0.0000,228
FK,Falkland Islands,3.5390,3.480,3.243,3.436,0.000,2.834,2.901,2.892,1.982,1.854,1.992,12173,0.2907,1.0017,0.0000,229
NU,Niue,1.6220,1.626,1.778,1.664,0.000,1.619,1.618,1.899,2.329,3.404,5.135,260,6.2385,1.0019,0.0000,230
TK,Tokelau,1.3780,1.357,1.565,1.448,0.000,1.252,1.140,1.554,1.608,1.553,1.621,12,114.8333,1.0036,0.0000,231
VA,Vatican City,0.7990,0.801,0.814,0.795,0.000,0.803,0.794,0.785,0.768,0.724,0.644,1,799,0.9988,0.0000,232